"donor","output","measure","length","kinetxMetric"
"K001","function","FL1",6,0.861104538446584
"K002","function","FL1",6,0.0274474613297462
"K003","function","FL1",6,0.0666682203821451
"K004","function","FL1",6,0.0398134347901071
"K005","function","FL1",5,0.662738529774146
"K006","function","FL1",6,0.239266600213973
"K007","function","FL1",5,0.187823440134605
"K008","function","FL1",6,0.862194766747034
"K009","function","FL1",6,0.457452285796091
"K010","function","FL1",6,0.253725384143513
