"donor","output","measure","length","kinetxMetric"
"K001","function","FL4",6,1
"K002","function","FL4",6,0.0589800205460224
"K003","function","FL4",5,0.127670140958194
"K004","function","FL4",6,0.113898678929628
"K005","function","FL4",5,0.347323150823059
"K006","function","FL4",6,0.223680202645109
"K007","function","FL4",5,0.120527331664328
"K008","function","FL4",6,0.779267680996265
"K009","function","FL4",6,0.337398632058353
"K010","function","FL4",6,0.0455827464944886
